"","seqnames","start","end","width","strand"
"1","chr19",15084048,15084394,347,"*"
"2","chr19",15091528,15092340,813,"*"
"3","chr19",15106890,15108143,1254,"*"
"4","chr19",15124617,15126064,1448,"*"
"5","chr19",15150367,15150777,411,"*"
"6","chr19",15170387,15170661,275,"*"
"7","chr19",15177136,15178094,959,"*"
"8","chr19",15181000,15181248,249,"*"
"9","chr19",15185260,15185746,487,"*"
"10","chr19",15187051,15187745,695,"*"
"11","chr19",15194958,15196106,1149,"*"
"12","chr19",15199526,15201255,1730,"*"
"13","chr19",15222586,15224167,1582,"*"
"14","chr19",15231687,15233706,2020,"*"
"15","chr19",15251557,15252209,653,"*"
"16","chr19",15253137,15253957,821,"*"
"17","chr19",15263765,15264480,716,"*"
"18","chr19",15265788,15266216,429,"*"
"19","chr19",15280104,15280352,249,"*"
"20","chr19",15280631,15281535,905,"*"
"21","chr19",15288448,15289018,571,"*"
"22","chr19",15297580,15297814,235,"*"
